mow;mow,Москва,Москвы,Москву,Vjcrdf,Мсква,мск;
led;led,Питер,Gbnth,Санкт-Петербург,Ленинград,Петербург,Питре;
sip;sip,Симферополь,cbvathjgjkm ;
krr;krr,Краснодар,rhfcyjlfh;
ovb;ovb,Новосибирск,Новосиб,Новосиба,Нск,yjdjcb,bhcr,yjdjcb;
dyu;dyu,Душанбе,Leifymt;
cek;cek,Челябинск,Xtkzbycr;
ikt;ikt,Иркутск,Bhrencr;
tas;tas,Ташкент,nfirtyn;
oms;oms,Омск,jvcr;
mrv;mrv,Мин. воды,Минеральные воды,Минводы,vbydjls;
fru;fru,Бишкек,<birtr;
aer;aer,Сочи;
